content_id,miro_item_id,frame_code,item_type,x,y,width,height,parent_frame_id,status,last_updated,notes
"F00A","3458764682843351765","F00A","g","0","0","1680","3100","","READ_BACK_VERIFIED","2026-09-07","Absolute canvas origin"
"F00A-INTRO","3458764682843351771","F00A","textArea","80","60","1520","62","3458764682843351765","READ_BACK_VERIFIED","2026-09-07","Frame-relative coordinates"
"F00A-SAMPLE-STAGE","3458764682843351772","F00A","rect","80","180","340","180","3458764682843351765","READ_BACK_VERIFIED","2026-09-07","Frame-relative coordinates"
"F00A-SAMPLE-LANE","3458764682843351773","F00A","rect","444","180","340","180","3458764682843351765","READ_BACK_VERIFIED","2026-09-07","Frame-relative coordinates"
"F00A-SAMPLE-ACTION","3458764682843351774","F00A","rect","808","180","340","180","3458764682843351765","READ_BACK_VERIFIED","2026-09-07","Frame-relative coordinates"
"F00A-SAMPLE-JOB","3458764682843351775","F00A","rect","1172","180","340","180","3458764682843351765","READ_BACK_VERIFIED","2026-09-07","Frame-relative coordinates"
"F00A-SAMPLE-SYSTEM","3458764682843351776","F00A","rect","80","380","340","180","3458764682843351765","READ_BACK_VERIFIED","2026-09-07","Frame-relative coordinates"
"F00A-SAMPLE-HANDOFF","3458764682843351777","F00A","rect","444","380","340","180","3458764682843351765","READ_BACK_VERIFIED","2026-09-07","Frame-relative coordinates"
"F00A-SAMPLE-PAIN","3458764682843351778","F00A","rect","808","380","340","180","3458764682843351765","READ_BACK_VERIFIED","2026-09-07","Frame-relative coordinates"
"F00A-SAMPLE-ROOT","3458764682843351779","F00A","rect","1172","380","340","180","3458764682843351765","READ_BACK_VERIFIED","2026-09-07","Frame-relative coordinates"
"F00A-SAMPLE-AGENTIC","3458764682843351780","F00A","rect","80","580","340","180","3458764682843351765","READ_BACK_VERIFIED","2026-09-07","Frame-relative coordinates"
"F00A-SAMPLE-HUMAN","3458764682843351781","F00A","rect","444","580","340","180","3458764682843351765","READ_BACK_VERIFIED","2026-09-07","Frame-relative coordinates"
"F00A-SAMPLE-STATE","3458764682843351782","F00A","rect","808","580","340","180","3458764682843351765","READ_BACK_VERIFIED","2026-09-07","Frame-relative coordinates"
"F00A-SAMPLE-QUESTION","3458764682843351783","F00A","rect","1172","580","340","180","3458764682843351765","READ_BACK_VERIFIED","2026-09-07","Frame-relative coordinates"
"F00A-SAMPLE-CAPABILITY","3458764682843351784","F00A","rect","80","780","340","180","3458764682843351765","READ_BACK_VERIFIED","2026-09-07","Frame-relative coordinates"
"F00A-SAMPLE-REQUIREMENT","3458764682843351785","F00A","rect","444","780","340","180","3458764682843351765","READ_BACK_VERIFIED","2026-09-07","Frame-relative coordinates"
"F00A-SAMPLE-VARIANT","3458764682843351787","F00A","rect","808","780","340","180","3458764682843351765","READ_BACK_VERIFIED","2026-09-07","Frame-relative coordinates"
"F00A-REQ-A","3458764682843351789","F00A","rect","80","1080","340","120","3458764682843351765","READ_BACK_VERIFIED","2026-09-07","Frame-relative coordinates"
"F00A-REQ-B","3458764682843351790","F00A","rect","580","1080","340","120","3458764682843351765","READ_BACK_VERIFIED","2026-09-07","Frame-relative coordinates"
"F00A-OPT-A","3458764682843351791","F00A","rect","80","1240","340","120","3458764682843351765","READ_BACK_VERIFIED","2026-09-07","Frame-relative coordinates"
"F00A-OPT-B","3458764682843351792","F00A","rect","580","1240","340","120","3458764682843351765","READ_BACK_VERIFIED","2026-09-07","Frame-relative coordinates"
"F00A-PAR-A","3458764682843351793","F00A","rect","80","1400","340","120","3458764682843351765","READ_BACK_VERIFIED","2026-09-07","Frame-relative coordinates"
"F00A-PAR-B","3458764682843351794","F00A","rect","580","1400","340","120","3458764682843351765","READ_BACK_VERIFIED","2026-09-07","Frame-relative coordinates"
"F00A-LOOP-A","3458764682843351795","F00A","rect","80","1560","340","120","3458764682843351765","READ_BACK_VERIFIED","2026-09-07","Frame-relative coordinates"
"F00A-LOOP-B","3458764682843351796","F00A","rect","580","1560","340","120","3458764682843351765","READ_BACK_VERIFIED","2026-09-07","Frame-relative coordinates"
"F00A-DEC-A","3458764682843351797","F00A","rect","80","1720","340","120","3458764682843351765","READ_BACK_VERIFIED","2026-09-07","Frame-relative coordinates"
"F00A-DEC-B","3458764682843351798","F00A","rect","580","1720","340","120","3458764682843351765","READ_BACK_VERIFIED","2026-09-07","Frame-relative coordinates"
"F00A-DATA-A","3458764682843351799","F00A","rect","80","1880","340","120","3458764682843351765","READ_BACK_VERIFIED","2026-09-07","Frame-relative coordinates"
"F00A-DATA-B","3458764682843351800","F00A","rect","580","1880","340","120","3458764682843351765","READ_BACK_VERIFIED","2026-09-07","Frame-relative coordinates"
"F00A-STATE-A","3458764682843351801","F00A","rect","80","2040","340","120","3458764682843351765","READ_BACK_VERIFIED","2026-09-07","Frame-relative coordinates"
"F00A-STATE-B","3458764682843351802","F00A","rect","580","2040","340","120","3458764682843351765","READ_BACK_VERIFIED","2026-09-07","Frame-relative coordinates"
"F00A-ESC-A","3458764682843351803","F00A","rect","80","2200","340","120","3458764682843351765","READ_BACK_VERIFIED","2026-09-07","Frame-relative coordinates"
"F00A-ESC-B","3458764682843351804","F00A","rect","580","2200","340","120","3458764682843351765","READ_BACK_VERIFIED","2026-09-07","Frame-relative coordinates"
"F00A-FEEDBACK-TITLE","3458764682843351805","F00A","textArea","80","2400","1450","62","3458764682843351765","READ_BACK_VERIFIED","2026-09-07","Frame-relative coordinates"
"F00A-FEEDBACK-AREA","3458764682843351806","F00A","rect","80","2540","1500","450","3458764682843351765","READ_BACK_VERIFIED","2026-09-07","Frame-relative coordinates"
"F00A-CON-REQ","3458764682843351807","F00A","line","","","","","3458764682843351765","READ_BACK_VERIFIED","2026-09-07","Native start/end references verified; bounds not returned"
"F00A-CON-OPT","3458764682843351808","F00A","line","","","","","3458764682843351765","READ_BACK_VERIFIED","2026-09-07","Native start/end references verified; bounds not returned"
"F00A-CON-PAR","3458764682843351809","F00A","line","","","","","3458764682843351765","READ_BACK_VERIFIED","2026-09-07","Native start/end references verified; bounds not returned"
"F00A-CON-LOOP","3458764682843351810","F00A","line","","","","","3458764682843351765","READ_BACK_VERIFIED","2026-09-07","Native start/end references verified; bounds not returned"
"F00A-CON-DEC","3458764682843351811","F00A","line","","","","","3458764682843351765","READ_BACK_VERIFIED","2026-09-07","Native start/end references verified; bounds not returned"
"F00A-CON-DATA","3458764682843351812","F00A","line","","","","","3458764682843351765","READ_BACK_VERIFIED","2026-09-07","Native start/end references verified; bounds not returned"
"F00A-CON-STATE","3458764682843351813","F00A","line","","","","","3458764682843351765","READ_BACK_VERIFIED","2026-09-07","Native start/end references verified; bounds not returned"
"F00A-CON-ESC","3458764682843351814","F00A","line","","","","","3458764682843351765","READ_BACK_VERIFIED","2026-09-07","Native start/end references verified; bounds not returned"
"F02","3458764682843351902","F02","g","2050","-160","1980","1100","","READ_BACK_VERIFIED","2026-09-07","Absolute canvas origin"
"F02-INTRO","3458764682843351903","F02","textArea","80","60","1820","62","3458764682843351902","READ_BACK_VERIFIED","2026-09-07","Frame-relative coordinates"
"F02-S1","3458764682843351904","F02","rect","80","180","340","170","3458764682843351902","READ_BACK_VERIFIED","2026-09-07","Frame-relative coordinates"
"F02-S2","3458764682843351905","F02","rect","444","180","340","170","3458764682843351902","READ_BACK_VERIFIED","2026-09-07","Frame-relative coordinates"
"F02-S3","3458764682843351906","F02","rect","808","180","340","170","3458764682843351902","READ_BACK_VERIFIED","2026-09-07","Frame-relative coordinates"
"F02-S4","3458764682843351907","F02","rect","1172","180","340","170","3458764682843351902","READ_BACK_VERIFIED","2026-09-07","Frame-relative coordinates"
"F02-S5","3458764682843351908","F02","rect","1536","180","340","170","3458764682843351902","READ_BACK_VERIFIED","2026-09-07","Frame-relative coordinates"
"F02-L0","3458764682843351909","F02","rect","80","420","340","220","3458764682843351902","READ_BACK_VERIFIED","2026-09-07","Frame-relative coordinates"
"F02-L1","3458764682843351910","F02","rect","444","420","340","220","3458764682843351902","READ_BACK_VERIFIED","2026-09-07","Frame-relative coordinates"
"F02-L2","3458764682843351911","F02","rect","808","420","340","220","3458764682843351902","READ_BACK_VERIFIED","2026-09-07","Frame-relative coordinates"
"F02-PAR","3458764682843351912","F02","rect","1172","420","340","220","3458764682843351902","READ_BACK_VERIFIED","2026-09-07","Frame-relative coordinates"
"F02-GAP","3458764682843351913","F02","rect","1536","420","340","220","3458764682843351902","READ_BACK_VERIFIED","2026-09-07","Frame-relative coordinates"
"F02-NAV","3458764682843495988","F02","textArea","80","690","1800","31","3458764682843351902","READ_BACK_VERIFIED","2026-09-07","Frame-relative coordinates"
"F02-SYNTHETIC-CASE","3458764682843495990","F02","rect","80","800","1800","220","3458764682843351902","READ_BACK_VERIFIED","2026-09-07","Frame-relative coordinates"
"F04","3458764682843351920","F04","g","4230","1100","2316","2916","","READ_BACK_VERIFIED","2026-09-07","Absolute canvas origin"
"F04-INTRO","3458764682843351921","F04","textArea","80","60","2156","62","3458764682843351920","READ_BACK_VERIFIED","2026-09-07","Frame-relative coordinates"
"F04-L01-LABEL","3458764682843351922","F04","rect","80","240","320","220","3458764682843351920","READ_BACK_VERIFIED","2026-09-07","Frame-relative coordinates"
"F04-L02-LABEL","3458764682843351923","F04","rect","80","476","320","220","3458764682843351920","READ_BACK_VERIFIED","2026-09-07","Frame-relative coordinates"
"F04-L03-LABEL","3458764682843351924","F04","rect","80","712","320","220","3458764682843351920","READ_BACK_VERIFIED","2026-09-07","Frame-relative coordinates"
"F04-L04-LABEL","3458764682843351925","F04","rect","80","948","320","220","3458764682843351920","READ_BACK_VERIFIED","2026-09-07","Frame-relative coordinates"
"F04-L05-LABEL","3458764682843351926","F04","rect","80","1184","320","220","3458764682843351920","READ_BACK_VERIFIED","2026-09-07","Frame-relative coordinates"
"F04-L06-LABEL","3458764682843351927","F04","rect","80","1420","320","220","3458764682843351920","READ_BACK_VERIFIED","2026-09-07","Frame-relative coordinates"
"F04-L07-LABEL","3458764682843351928","F04","rect","80","1656","320","220","3458764682843351920","READ_BACK_VERIFIED","2026-09-07","Frame-relative coordinates"
"F04-L08-LABEL","3458764682843411929","F04","rect","80","1892","320","220","3458764682843351920","READ_BACK_VERIFIED","2026-09-07","Frame-relative coordinates"
"F04-L09-LABEL","3458764682843411930","F04","rect","80","2128","320","220","3458764682843351920","READ_BACK_VERIFIED","2026-09-07","Frame-relative coordinates"
"F04-L10-LABEL","3458764682843411931","F04","rect","80","2364","320","220","3458764682843351920","READ_BACK_VERIFIED","2026-09-07","Frame-relative coordinates"
"F04-L11-LABEL","3458764682843411932","F04","rect","80","2600","320","220","3458764682843351920","READ_BACK_VERIFIED","2026-09-07","Frame-relative coordinates"
"F04-S2-C1-L01","3458764682843411933","F04","rect","440","240","340","220","3458764682843351920","READ_BACK_VERIFIED","2026-09-07","Frame-relative coordinates"
"F04-S2-C1-L02","3458764682843411934","F04","rect","440","476","340","220","3458764682843351920","READ_BACK_VERIFIED","2026-09-07","Frame-relative coordinates"
"F04-S2-C1-L03","3458764682843411935","F04","rect","440","712","340","220","3458764682843351920","READ_BACK_VERIFIED","2026-09-07","Frame-relative coordinates"
"F04-S2-C1-L04","3458764682843411936","F04","rect","440","948","340","220","3458764682843351920","READ_BACK_VERIFIED","2026-09-07","Frame-relative coordinates"
"F04-S2-C1-L05","3458764682843411937","F04","rect","440","1184","340","220","3458764682843351920","READ_BACK_VERIFIED","2026-09-07","Frame-relative coordinates"
"F04-S2-C1-L06","3458764682843411938","F04","rect","440","1420","340","220","3458764682843351920","READ_BACK_VERIFIED","2026-09-07","Frame-relative coordinates"
"F04-S2-C1-L07","3458764682843411939","F04","rect","440","1656","340","220","3458764682843351920","READ_BACK_VERIFIED","2026-09-07","Frame-relative coordinates"
"F04-S2-C1-L08","3458764682843411941","F04","rect","440","1892","340","220","3458764682843351920","READ_BACK_VERIFIED","2026-09-07","Frame-relative coordinates"
"F04-S2-C1-L09","3458764682843411943","F04","rect","440","2128","340","220","3458764682843351920","READ_BACK_VERIFIED","2026-09-07","Frame-relative coordinates"
"F04-S2-C1-L10","3458764682843411944","F04","rect","440","2364","340","220","3458764682843351920","READ_BACK_VERIFIED","2026-09-07","Frame-relative coordinates"
"F04-S2-C1-L11","3458764682843411945","F04","rect","440","2600","340","220","3458764682843351920","READ_BACK_VERIFIED","2026-09-07","Frame-relative coordinates"
"F04-S2-C2-L01","3458764682843411946","F04","rect","804","240","340","220","3458764682843351920","READ_BACK_VERIFIED","2026-09-07","Frame-relative coordinates"
"F04-S2-C2-L02","3458764682843411947","F04","rect","804","476","340","220","3458764682843351920","READ_BACK_VERIFIED","2026-09-07","Frame-relative coordinates"
"F04-S2-C2-L03","3458764682843411948","F04","rect","804","712","340","220","3458764682843351920","READ_BACK_VERIFIED","2026-09-07","Frame-relative coordinates"
"F04-S2-C2-L04","3458764682843411949","F04","rect","804","948","340","220","3458764682843351920","READ_BACK_VERIFIED","2026-09-07","Frame-relative coordinates"
"F04-S2-C2-L05","3458764682843411950","F04","rect","804","1184","340","220","3458764682843351920","READ_BACK_VERIFIED","2026-09-07","Frame-relative coordinates"
"F04-S2-C2-L06","3458764682843411951","F04","rect","804","1420","340","220","3458764682843351920","READ_BACK_VERIFIED","2026-09-07","Frame-relative coordinates"
"F04-S2-C2-L07","3458764682843411952","F04","rect","804","1656","340","220","3458764682843351920","READ_BACK_VERIFIED","2026-09-07","Frame-relative coordinates"
"F04-S2-C2-L08","3458764682843411953","F04","rect","804","1892","340","220","3458764682843351920","READ_BACK_VERIFIED","2026-09-07","Frame-relative coordinates"
"F04-S2-C2-L09","3458764682843411954","F04","rect","804","2128","340","220","3458764682843351920","READ_BACK_VERIFIED","2026-09-07","Frame-relative coordinates"
"F04-S2-C2-L10","3458764682843411955","F04","rect","804","2364","340","220","3458764682843351920","READ_BACK_VERIFIED","2026-09-07","Frame-relative coordinates"
"F04-S2-C2-L11","3458764682843411958","F04","rect","804","2600","340","220","3458764682843351920","READ_BACK_VERIFIED","2026-09-07","Frame-relative coordinates"
"F04-S2-C3-L01","3458764682843411959","F04","rect","1168","240","340","220","3458764682843351920","READ_BACK_VERIFIED","2026-09-07","Frame-relative coordinates"
"F04-S2-C3-L02","3458764682843411960","F04","rect","1168","476","340","220","3458764682843351920","READ_BACK_VERIFIED","2026-09-07","Frame-relative coordinates"
"F04-S2-C3-L03","3458764682843411961","F04","rect","1168","712","340","220","3458764682843351920","READ_BACK_VERIFIED","2026-09-07","Frame-relative coordinates"
"F04-S2-C3-L04","3458764682843411962","F04","rect","1168","948","340","220","3458764682843351920","READ_BACK_VERIFIED","2026-09-07","Frame-relative coordinates"
"F04-S2-C3-L05","3458764682843411963","F04","rect","1168","1184","340","220","3458764682843351920","READ_BACK_VERIFIED","2026-09-07","Frame-relative coordinates"
"F04-S2-C3-L06","3458764682843411964","F04","rect","1168","1420","340","220","3458764682843351920","READ_BACK_VERIFIED","2026-09-07","Frame-relative coordinates"
"F04-S2-C3-L07","3458764682843411968","F04","rect","1168","1656","340","220","3458764682843351920","READ_BACK_VERIFIED","2026-09-07","Frame-relative coordinates"
"F04-S2-C3-L08","3458764682843411969","F04","rect","1168","1892","340","220","3458764682843351920","READ_BACK_VERIFIED","2026-09-07","Frame-relative coordinates"
"F04-S2-C3-L09","3458764682843411970","F04","rect","1168","2128","340","220","3458764682843351920","READ_BACK_VERIFIED","2026-09-07","Frame-relative coordinates"
"F04-S2-C3-L10","3458764682843411971","F04","rect","1168","2364","340","220","3458764682843351920","READ_BACK_VERIFIED","2026-09-07","Frame-relative coordinates"
"F04-S2-C3-L11","3458764682843411972","F04","rect","1168","2600","340","220","3458764682843351920","READ_BACK_VERIFIED","2026-09-07","Frame-relative coordinates"
"F04-S2-C4-L01","3458764682843411973","F04","rect","1532","240","340","220","3458764682843351920","READ_BACK_VERIFIED","2026-09-07","Frame-relative coordinates"
"F04-S2-C4-L02","3458764682843411974","F04","rect","1532","476","340","220","3458764682843351920","READ_BACK_VERIFIED","2026-09-07","Frame-relative coordinates"
"F04-S2-C4-L03","3458764682843411975","F04","rect","1532","712","340","220","3458764682843351920","READ_BACK_VERIFIED","2026-09-07","Frame-relative coordinates"
"F04-S2-C4-L04","3458764682843411976","F04","rect","1532","948","340","220","3458764682843351920","READ_BACK_VERIFIED","2026-09-07","Frame-relative coordinates"
"F04-S2-C4-L05","3458764682843411977","F04","rect","1532","1184","340","220","3458764682843351920","READ_BACK_VERIFIED","2026-09-07","Frame-relative coordinates"
"F04-S2-C4-L06","3458764682843411978","F04","rect","1532","1420","340","220","3458764682843351920","READ_BACK_VERIFIED","2026-09-07","Frame-relative coordinates"
"F04-S2-C4-L07","3458764682843411979","F04","rect","1532","1656","340","220","3458764682843351920","READ_BACK_VERIFIED","2026-09-07","Frame-relative coordinates"
"F04-S2-C4-L08","3458764682843411980","F04","rect","1532","1892","340","220","3458764682843351920","READ_BACK_VERIFIED","2026-09-07","Frame-relative coordinates"
"F04-S2-C4-L09","3458764682843411981","F04","rect","1532","2128","340","220","3458764682843351920","READ_BACK_VERIFIED","2026-09-07","Frame-relative coordinates"
"F04-S2-C4-L10","3458764682843411982","F04","rect","1532","2364","340","220","3458764682843351920","READ_BACK_VERIFIED","2026-09-07","Frame-relative coordinates"
"F04-S2-C4-L11","3458764682843411983","F04","rect","1532","2600","340","220","3458764682843351920","READ_BACK_VERIFIED","2026-09-07","Frame-relative coordinates"
"F04-S2-C5-L01","3458764682843411984","F04","rect","1896","240","340","220","3458764682843351920","READ_BACK_VERIFIED","2026-09-07","Frame-relative coordinates"
"F04-S2-C5-L02","3458764682843411985","F04","rect","1896","476","340","220","3458764682843351920","READ_BACK_VERIFIED","2026-09-07","Frame-relative coordinates"
"F04-S2-C5-L03","3458764682843411986","F04","rect","1896","712","340","220","3458764682843351920","READ_BACK_VERIFIED","2026-09-07","Frame-relative coordinates"
"F04-S2-C5-L04","3458764682843411987","F04","rect","1896","948","340","220","3458764682843351920","READ_BACK_VERIFIED","2026-09-07","Frame-relative coordinates"
"F04-S2-C5-L05","3458764682843411988","F04","rect","1896","1184","340","220","3458764682843351920","READ_BACK_VERIFIED","2026-09-07","Frame-relative coordinates"
"F04-S2-C5-L06","3458764682843411989","F04","rect","1896","1420","340","220","3458764682843351920","READ_BACK_VERIFIED","2026-09-07","Frame-relative coordinates"
"F04-S2-C5-L07","3458764682843411990","F04","rect","1896","1656","340","220","3458764682843351920","READ_BACK_VERIFIED","2026-09-07","Frame-relative coordinates"
"F04-S2-C5-L08","3458764682843411991","F04","rect","1896","1892","340","220","3458764682843351920","READ_BACK_VERIFIED","2026-09-07","Frame-relative coordinates"
"F04-S2-C5-L09","3458764682843411992","F04","rect","1896","2128","340","220","3458764682843351920","READ_BACK_VERIFIED","2026-09-07","Frame-relative coordinates"
"F04-S2-C5-L10","3458764682843411993","F04","rect","1896","2364","340","220","3458764682843351920","READ_BACK_VERIFIED","2026-09-07","Frame-relative coordinates"
"F04-S2-C5-L11","3458764682843411994","F04","rect","1896","2600","340","220","3458764682843351920","READ_BACK_VERIFIED","2026-09-07","Frame-relative coordinates"
"F04-SEQ-1","3458764682843411997","F04","line","","","","","3458764682843351920","READ_BACK_VERIFIED","2026-09-07","Native start/end references verified; bounds not returned"
"F04-SEQ-2","3458764682843411998","F04","line","","","","","3458764682843351920","READ_BACK_VERIFIED","2026-09-07","Native start/end references verified; bounds not returned"
"F04-SEQ-3","3458764682843411999","F04","line","","","","","3458764682843351920","READ_BACK_VERIFIED","2026-09-07","Native start/end references verified; bounds not returned"
"F04-SEQ-4","3458764682843412000","F04","line","","","","","3458764682843351920","READ_BACK_VERIFIED","2026-09-07","Native start/end references verified; bounds not returned"
"F04-SKIP","3458764682843412001","F04","line","","","","","3458764682843351920","READ_BACK_VERIFIED","2026-09-07","Native start/end references verified; bounds not returned"
"F04-REWORK","3458764682843412002","F04","line","","","","","3458764682843351920","READ_BACK_VERIFIED","2026-09-07","Native start/end references verified; bounds not returned"
"F09","3458764682843412020","F09","g","6746","1100","2316","2916","","READ_BACK_VERIFIED","2026-09-07","Absolute canvas origin"
"F09-INTRO","3458764682843412021","F09","textArea","80","60","2156","62","3458764682843412020","READ_BACK_VERIFIED","2026-09-07","Frame-relative coordinates"
"F09-L01-LABEL","3458764682843412022","F09","rect","80","240","320","220","3458764682843412020","READ_BACK_VERIFIED","2026-09-07","Frame-relative coordinates"
"F09-L02-LABEL","3458764682843412023","F09","rect","80","476","320","220","3458764682843412020","READ_BACK_VERIFIED","2026-09-07","Frame-relative coordinates"
"F09-L03-LABEL","3458764682843412024","F09","rect","80","712","320","220","3458764682843412020","READ_BACK_VERIFIED","2026-09-07","Frame-relative coordinates"
"F09-L04-LABEL","3458764682843412025","F09","rect","80","948","320","220","3458764682843412020","READ_BACK_VERIFIED","2026-09-07","Frame-relative coordinates"
"F09-L05-LABEL","3458764682843412026","F09","rect","80","1184","320","220","3458764682843412020","READ_BACK_VERIFIED","2026-09-07","Frame-relative coordinates"
"F09-L06-LABEL","3458764682843412027","F09","rect","80","1420","320","220","3458764682843412020","READ_BACK_VERIFIED","2026-09-07","Frame-relative coordinates"
"F09-L07-LABEL","3458764682843412028","F09","rect","80","1656","320","220","3458764682843412020","READ_BACK_VERIFIED","2026-09-07","Frame-relative coordinates"
"F09-L08-LABEL","3458764682843412029","F09","rect","80","1892","320","220","3458764682843412020","READ_BACK_VERIFIED","2026-09-07","Frame-relative coordinates"
"F09-L09-LABEL","3458764682843412030","F09","rect","80","2128","320","220","3458764682843412020","READ_BACK_VERIFIED","2026-09-07","Frame-relative coordinates"
"F09-L10-LABEL","3458764682843412031","F09","rect","80","2364","320","220","3458764682843412020","READ_BACK_VERIFIED","2026-09-07","Frame-relative coordinates"
"F09-L11-LABEL","3458764682843412032","F09","rect","80","2600","320","220","3458764682843412020","READ_BACK_VERIFIED","2026-09-07","Frame-relative coordinates"
"F09-S2-C1-L01","3458764682843412033","F09","rect","440","240","340","220","3458764682843412020","READ_BACK_VERIFIED","2026-09-07","Frame-relative coordinates"
"F09-S2-C1-L02","3458764682843412034","F09","rect","440","476","340","220","3458764682843412020","READ_BACK_VERIFIED","2026-09-07","Frame-relative coordinates"
"F09-S2-C1-L03","3458764682843412035","F09","rect","440","712","340","220","3458764682843412020","READ_BACK_VERIFIED","2026-09-07","Frame-relative coordinates"
"F09-S2-C1-L04","3458764682843412036","F09","rect","440","948","340","220","3458764682843412020","READ_BACK_VERIFIED","2026-09-07","Frame-relative coordinates"
"F09-S2-C1-L05","3458764682843412037","F09","rect","440","1184","340","220","3458764682843412020","READ_BACK_VERIFIED","2026-09-07","Frame-relative coordinates"
"F09-S2-C1-L06","3458764682843412038","F09","rect","440","1420","340","220","3458764682843412020","READ_BACK_VERIFIED","2026-09-07","Frame-relative coordinates"
"F09-S2-C1-L07","3458764682843412039","F09","rect","440","1656","340","220","3458764682843412020","READ_BACK_VERIFIED","2026-09-07","Frame-relative coordinates"
"F09-S2-C1-L08","3458764682843412040","F09","rect","440","1892","340","220","3458764682843412020","READ_BACK_VERIFIED","2026-09-07","Frame-relative coordinates"
"F09-S2-C1-L09","3458764682843412041","F09","rect","440","2128","340","220","3458764682843412020","READ_BACK_VERIFIED","2026-09-07","Frame-relative coordinates"
"F09-S2-C1-L10","3458764682843412042","F09","rect","440","2364","340","220","3458764682843412020","READ_BACK_VERIFIED","2026-09-07","Frame-relative coordinates"
"F09-S2-C1-L11","3458764682843412043","F09","rect","440","2600","340","220","3458764682843412020","READ_BACK_VERIFIED","2026-09-07","Frame-relative coordinates"
"F09-S2-C2-L01","3458764682843412044","F09","rect","804","240","340","220","3458764682843412020","READ_BACK_VERIFIED","2026-09-07","Frame-relative coordinates"
"F09-S2-C2-L02","3458764682843412045","F09","rect","804","476","340","220","3458764682843412020","READ_BACK_VERIFIED","2026-09-07","Frame-relative coordinates"
"F09-S2-C2-L03","3458764682843412046","F09","rect","804","712","340","220","3458764682843412020","READ_BACK_VERIFIED","2026-09-07","Frame-relative coordinates"
"F09-S2-C2-L04","3458764682843412047","F09","rect","804","948","340","220","3458764682843412020","READ_BACK_VERIFIED","2026-09-07","Frame-relative coordinates"
"F09-S2-C2-L05","3458764682843412048","F09","rect","804","1184","340","220","3458764682843412020","READ_BACK_VERIFIED","2026-09-07","Frame-relative coordinates"
"F09-S2-C2-L06","3458764682843412049","F09","rect","804","1420","340","220","3458764682843412020","READ_BACK_VERIFIED","2026-09-07","Frame-relative coordinates"
"F09-S2-C2-L07","3458764682843412050","F09","rect","804","1656","340","220","3458764682843412020","READ_BACK_VERIFIED","2026-09-07","Frame-relative coordinates"
"F09-S2-C2-L08","3458764682843412051","F09","rect","804","1892","340","220","3458764682843412020","READ_BACK_VERIFIED","2026-09-07","Frame-relative coordinates"
"F09-S2-C2-L09","3458764682843412052","F09","rect","804","2128","340","220","3458764682843412020","READ_BACK_VERIFIED","2026-09-07","Frame-relative coordinates"
"F09-S2-C2-L10","3458764682843412053","F09","rect","804","2364","340","220","3458764682843412020","READ_BACK_VERIFIED","2026-09-07","Frame-relative coordinates"
"F09-S2-C2-L11","3458764682843412054","F09","rect","804","2600","340","220","3458764682843412020","READ_BACK_VERIFIED","2026-09-07","Frame-relative coordinates"
"F09-S2-C3-L01","3458764682843412055","F09","rect","1168","240","340","220","3458764682843412020","READ_BACK_VERIFIED","2026-09-07","Frame-relative coordinates"
"F09-S2-C3-L02","3458764682843412056","F09","rect","1168","476","340","220","3458764682843412020","READ_BACK_VERIFIED","2026-09-07","Frame-relative coordinates"
"F09-S2-C3-L03","3458764682843412057","F09","rect","1168","712","340","220","3458764682843412020","READ_BACK_VERIFIED","2026-09-07","Frame-relative coordinates"
"F09-S2-C3-L04","3458764682843412058","F09","rect","1168","948","340","220","3458764682843412020","READ_BACK_VERIFIED","2026-09-07","Frame-relative coordinates"
"F09-S2-C3-L05","3458764682843412059","F09","rect","1168","1184","340","220","3458764682843412020","READ_BACK_VERIFIED","2026-09-07","Frame-relative coordinates"
"F09-S2-C3-L06","3458764682843412060","F09","rect","1168","1420","340","220","3458764682843412020","READ_BACK_VERIFIED","2026-09-07","Frame-relative coordinates"
"F09-S2-C3-L07","3458764682843412065","F09","rect","1168","1656","340","220","3458764682843412020","READ_BACK_VERIFIED","2026-09-07","Frame-relative coordinates"
"F09-S2-C3-L08","3458764682843412066","F09","rect","1168","1892","340","220","3458764682843412020","READ_BACK_VERIFIED","2026-09-07","Frame-relative coordinates"
"F09-S2-C3-L09","3458764682843412067","F09","rect","1168","2128","340","220","3458764682843412020","READ_BACK_VERIFIED","2026-09-07","Frame-relative coordinates"
"F09-S2-C3-L10","3458764682843412068","F09","rect","1168","2364","340","220","3458764682843412020","READ_BACK_VERIFIED","2026-09-07","Frame-relative coordinates"
"F09-S2-C3-L11","3458764682843412069","F09","rect","1168","2600","340","220","3458764682843412020","READ_BACK_VERIFIED","2026-09-07","Frame-relative coordinates"
"F09-S2-C4-L01","3458764682843412070","F09","rect","1532","240","340","220","3458764682843412020","READ_BACK_VERIFIED","2026-09-07","Frame-relative coordinates"
"F09-S2-C4-L02","3458764682843412071","F09","rect","1532","476","340","220","3458764682843412020","READ_BACK_VERIFIED","2026-09-07","Frame-relative coordinates"
"F09-S2-C4-L03","3458764682843412072","F09","rect","1532","712","340","220","3458764682843412020","READ_BACK_VERIFIED","2026-09-07","Frame-relative coordinates"
"F09-S2-C4-L04","3458764682843412073","F09","rect","1532","948","340","220","3458764682843412020","READ_BACK_VERIFIED","2026-09-07","Frame-relative coordinates"
"F09-S2-C4-L05","3458764682843412074","F09","rect","1532","1184","340","220","3458764682843412020","READ_BACK_VERIFIED","2026-09-07","Frame-relative coordinates"
"F09-S2-C4-L06","3458764682843412075","F09","rect","1532","1420","340","220","3458764682843412020","READ_BACK_VERIFIED","2026-09-07","Frame-relative coordinates"
"F09-S2-C4-L07","3458764682843412076","F09","rect","1532","1656","340","220","3458764682843412020","READ_BACK_VERIFIED","2026-09-07","Frame-relative coordinates"
"F09-S2-C4-L08","3458764682843412077","F09","rect","1532","1892","340","220","3458764682843412020","READ_BACK_VERIFIED","2026-09-07","Frame-relative coordinates"
"F09-S2-C4-L09","3458764682843412078","F09","rect","1532","2128","340","220","3458764682843412020","READ_BACK_VERIFIED","2026-09-07","Frame-relative coordinates"
"F09-S2-C4-L10","3458764682843412079","F09","rect","1532","2364","340","220","3458764682843412020","READ_BACK_VERIFIED","2026-09-07","Frame-relative coordinates"
"F09-S2-C4-L11","3458764682843412080","F09","rect","1532","2600","340","220","3458764682843412020","READ_BACK_VERIFIED","2026-09-07","Frame-relative coordinates"
"F09-S2-C5-L01","3458764682843412081","F09","rect","1896","240","340","220","3458764682843412020","READ_BACK_VERIFIED","2026-09-07","Frame-relative coordinates"
"F09-S2-C5-L02","3458764682843412082","F09","rect","1896","476","340","220","3458764682843412020","READ_BACK_VERIFIED","2026-09-07","Frame-relative coordinates"
"F09-S2-C5-L03","3458764682843412083","F09","rect","1896","712","340","220","3458764682843412020","READ_BACK_VERIFIED","2026-09-07","Frame-relative coordinates"
"F09-S2-C5-L04","3458764682843412084","F09","rect","1896","948","340","220","3458764682843412020","READ_BACK_VERIFIED","2026-09-07","Frame-relative coordinates"
"F09-S2-C5-L05","3458764682843412085","F09","rect","1896","1184","340","220","3458764682843412020","READ_BACK_VERIFIED","2026-09-07","Frame-relative coordinates"
"F09-S2-C5-L06","3458764682843412086","F09","rect","1896","1420","340","220","3458764682843412020","READ_BACK_VERIFIED","2026-09-07","Frame-relative coordinates"
"F09-S2-C5-L07","3458764682843412087","F09","rect","1896","1656","340","220","3458764682843412020","READ_BACK_VERIFIED","2026-09-07","Frame-relative coordinates"
"F09-S2-C5-L08","3458764682843412088","F09","rect","1896","1892","340","220","3458764682843412020","READ_BACK_VERIFIED","2026-09-07","Frame-relative coordinates"
"F09-S2-C5-L09","3458764682843412089","F09","rect","1896","2128","340","220","3458764682843412020","READ_BACK_VERIFIED","2026-09-07","Frame-relative coordinates"
"F09-S2-C5-L10","3458764682843412090","F09","rect","1896","2364","340","220","3458764682843412020","READ_BACK_VERIFIED","2026-09-07","Frame-relative coordinates"
"F09-S2-C5-L11","3458764682843412091","F09","rect","1896","2600","340","220","3458764682843412020","READ_BACK_VERIFIED","2026-09-07","Frame-relative coordinates"
"F09-SEQ-1","3458764682843412092","F09","line","","","","","3458764682843412020","READ_BACK_VERIFIED","2026-09-07","Native start/end references verified; bounds not returned"
"F09-SEQ-2","3458764682843412093","F09","line","","","","","3458764682843412020","READ_BACK_VERIFIED","2026-09-07","Native start/end references verified; bounds not returned"
"F09-SEQ-3","3458764682843412094","F09","line","","","","","3458764682843412020","READ_BACK_VERIFIED","2026-09-07","Native start/end references verified; bounds not returned"
"F09-SEQ-4","3458764682843412095","F09","line","","","","","3458764682843412020","READ_BACK_VERIFIED","2026-09-07","Native start/end references verified; bounds not returned"
"F09-SKIP","3458764682843412096","F09","line","","","","","3458764682843412020","READ_BACK_VERIFIED","2026-09-07","Native start/end references verified; bounds not returned"
"F09-REWORK","3458764682843412097","F09","line","","","","","3458764682843412020","READ_BACK_VERIFIED","2026-09-07","Native start/end references verified; bounds not returned"
"F09-ESC","3458764682843412098","F09","line","","","","","3458764682843412020","READ_BACK_VERIFIED","2026-09-07","Native start/end references verified; bounds not returned"
