Source_ID,Source_Title,File_Name,Source_Type,Tier,Owner,Source_Date,Received_Date,Confidentiality,SHA256,Repository_Path,Intended_Use,Availability_Status,Provenance_Status,Validation_Status,Notes
SRC-001,Codex Master Handoff,CODEX_MASTER_HANDOFF.md,Markdown,2,Christina,2026-09-04,2026-09-04,Restricted,5d393e9112d05ec32e91545d9b1c600192965097dd754a6ef25de1d7a1328b72,CODEX_MASTER_HANDOFF.md,Master delivery specification,AVAILABLE,WRITTEN_BRIEF_CONFIRMED,REVIEWED,Contains the written brief summary
SRC-002,T00 Bootstrap Task,Clear_to_Trade_Codex_Task_00_Bootstrap.md,Markdown,2,Christina,2026-09-04,2026-09-04,Restricted,4bbf49824a1ad5114eef3d1ff0494ae7f0ba761a52d95cbc27022c721149b212,00_sources/raw/Clear_to_Trade_Codex_Task_00_Bootstrap.md,T00 execution scope,AVAILABLE,DECISION_APPROVED,REVIEWED,
SRC-003,CJ-T08A Miro Pilot Task,Clear_to_Trade_Codex_Task_CJ08A_Miro_Pilot_v1.md,Markdown,2,Christina,2026-09-05,2026-09-05,Restricted,8ded1044c52956d746c2893c39a3c81fecfeadbb8f72e31a7e11192b184728d0,00_sources/raw/Clear_to_Trade_Codex_Task_CJ08A_Miro_Pilot_v1.md,Miro pilot task definition,AVAILABLE,DECISION_APPROVED,REVIEWED,
SRC-004,Miro Automation Scope v1.1,Clear_to_Trade_UXUI_Miro_Automation_Scope_v1.1.md,Markdown,2,Christina,2026-09-05,2026-09-05,Restricted,4702087759c19f9b8e45efbb81cc61474e240b2d0c0966eacb99ab120abcaa6b,00_sources/raw/Clear_to_Trade_UXUI_Miro_Automation_Scope_v1.1.md,UX/UI automation scope,AVAILABLE,DECISION_APPROVED,REVIEWED,
SRC-005,4 September meeting transcript,09-04 Meeting_ Institutional Trading KYC _Clear to Trade_ Product Kickoff & Planning-transcript.txt,Text,1,Christina,2026-09-04,2026-09-05,Restricted,c3f1024027d8b1eda4ec62776f229bb6cd38cdb32446c6161e4c64cd53b6a0d6,00_sources/raw/09-04 Meeting_ Institutional Trading KYC _Clear to Trade_ Product Kickoff & Planning-transcript.txt,Primary meeting evidence,AVAILABLE,MEETING_CONFIRMED,REVIEWED_WORKING_NOT_CLIENT_VALIDATED,Raw preserved; analytical index 00_sources/normalized/2026-09-05-source-review.md; atomic mapping pending
SRC-006,4 September meeting summary,09-04 Meeting_ Institutional Trading KYC _Clear to Trade_ Product Kickoff & Planning-Summary.txt,Text,2,Christina,2026-09-04,2026-09-05,Restricted,2d1147c2d053446e3f62dda32480678ca69fab82a198c047d9adb138c8f669f9,00_sources/raw/09-04 Meeting_ Institutional Trading KYC _Clear to Trade_ Product Kickoff & Planning-Summary.txt,Derivative AI meeting summary,AVAILABLE,CLIENT_VALIDATION_REQUIRED,REVIEWED_WORKING_NOT_CLIENT_VALIDATED,Raw preserved; analytical index 00_sources/normalized/2026-09-05-source-review.md; atomic mapping pending
SRC-007,Sanitised Process Map,Sanitised Process Map.pptx,PowerPoint,1,Christina,,2026-09-05,Restricted,9ce02c70bdacabc3209208d82bb92efdf01352b2122caa2ba8dca175226f1f11,00_sources/raw/Sanitised Process Map.pptx,Primary process evidence,AVAILABLE,PROCESS_MAP_DERIVED,REVIEWED_WORKING_NOT_CLIENT_VALIDATED,Raw preserved; analytical index 00_sources/normalized/2026-09-05-source-review.md; atomic mapping pending
SRC-008,Raunaq written brief,Embedded in CODEX_MASTER_HANDOFF.md,Written brief,1,Christina,2026-09-04,2026-09-04,Restricted,5d393e9112d05ec32e91545d9b1c600192965097dd754a6ef25de1d7a1328b72,CODEX_MASTER_HANDOFF.md,Confirmed product ask,PROVISIONAL_EMBEDDED,WRITTEN_BRIEF_CONFIRMED,CLIENT_VALIDATION_REQUIRED,Confirm whether a separate controlled source exists
SRC-021,D2 Batch F Consolidation Final,Clear_to_Trade_D2_Batch_F_Consolidation_Final_v1.0.md,Markdown,2,Christina,,2026-09-08,Restricted,fc45e0101a726bcd83e6d83918e586618ac7be836902dc18d2094eda34c7e8bb,/Users/christinaliu/Downloads/Clear_to_Trade_D2_Batch_F_Consolidation_Final_v1.0.md,Approved D2 consolidation scope,AVAILABLE,DECISION_APPROVED,DEMO_DESIGN_NOT_BANK_VALIDATION,SRC-009 through SRC-020 remain in original subordinate manifests; no reassignment
