Transition_ID,From_State_ID,Event,To_State_ID,Actor_or_Product,Guardrail,Audit_Record,Source_ID,Assumption_ID,Validation_Status
TR-S2-01,ST-REQ-001,Owner confirms requirements,ST-REQ-002,Product prepares; designated human decides where required,Approved mandate and least-privilege access; never infer trade clearance,Actor; timestamp; context/policy version; evidence reference; decision reason,SRC-007,ASM-004|ASM-005,DESIGN_HYPOTHESIS
TR-S2-02,ST-REQ-002,Begin permitted sourcing,ST-EVID-001,Product prepares; designated human decides where required,Approved mandate and least-privilege access; never infer trade clearance,Actor; timestamp; context/policy version; evidence reference; decision reason,SRC-007,ASM-004|ASM-005,DESIGN_HYPOTHESIS
TR-S2-03,ST-EVID-001,Residual gaps identified,ST-EVID-002,Product prepares; designated human decides where required,Approved mandate and least-privilege access; never infer trade clearance,Actor; timestamp; context/policy version; evidence reference; decision reason,SRC-007,ASM-004|ASM-005,DESIGN_HYPOTHESIS
TR-S2-04,ST-EVID-001,Existing evidence sufficient for review; no client request needed,ST-EVID-004,Product prepares; designated human decides where required,Approved mandate and least-privilege access; never infer trade clearance,Actor; timestamp; context/policy version; evidence reference; decision reason,SRC-007,ASM-004|ASM-005,DESIGN_HYPOTHESIS
TR-S2-05,ST-EVID-002,MVP human approves request release,ST-EVID-003,Product prepares; designated human decides where required,Approved mandate and least-privilege access; never infer trade clearance,Actor; timestamp; context/policy version; evidence reference; decision reason,SRC-007,ASM-004|ASM-005,DESIGN_HYPOTHESIS
TR-S2-06,ST-EVID-003,Evidence response received,ST-EVID-004,Product prepares; designated human decides where required,Approved mandate and least-privilege access; never infer trade clearance,Actor; timestamp; context/policy version; evidence reference; decision reason,SRC-007,ASM-004|ASM-005,DESIGN_HYPOTHESIS
TR-S2-07,ST-EVID-004,Evidence remains insufficient; record reason,ST-EVID-002,Product prepares; designated human decides where required,Approved mandate and least-privilege access; never infer trade clearance,Actor; timestamp; context/policy version; evidence reference; decision reason,SRC-007,ASM-004|ASM-005,DESIGN_HYPOTHESIS
TR-S2-08,ST-EVID-004,Designated reviewer accepts pack for current context,ST-EVID-005,Product prepares; designated human decides where required,Approved mandate and least-privilege access; never infer trade clearance,Actor; timestamp; context/policy version; evidence reference; decision reason,SRC-007,ASM-004|ASM-005,DESIGN_HYPOTHESIS
TR-S2-09,ST-EVID-005,Material context change invalidates requirement basis,ST-REQ-001,Product prepares; designated human decides where required,Approved mandate and least-privilege access; never infer trade clearance,Actor; timestamp; context/policy version; evidence reference; decision reason,SRC-007,ASM-004|ASM-005,DESIGN_HYPOTHESIS
